id,1,2,3,4,8,10,11,12,13,14,16,17,18,19,20,21,22,23,24,25,26,27,28,30,31,33,34,35,36,37,38,39,40,41,42,43,44,45,46,47,48,49,50,51,54,55,56,58,61,63,65,67,70,71,78,99,128,131,132,133,134,135,136,137,138,139,140,141,142,143,145,146,147,148,149,150,151,153,155,156,157,158,159,171,173,177,179,180,190,205,206,207,208,209,210,248,32446,32447,37945,37949,37950,37951,37953,37954,37955,37956,37957,37960,37961,37962,37964,37965,37967,37969,37971,37972,37973,37979,37982,37983,37989,37990,37992,37993,37995,37996,37997,37998,38000,38001,38002,38003,38012,38013,38015,38016,38017,38018,38019,38020,38021,38022,38024,38030,38031,38039,38044,38045,38064,38069,38072,38073,38074,38075,38076,38077,38079,38080,38081,38082,38084,38090,38092
0,5.865990500450473,3.8674365823114982,1.6767836562615683,0.6599826221589493,4.8449353253709,1.134707336773864,0.663789732390191,1.882285365754082,0.5079534697630657,1.4392384381609993,0.4880665751027221,0.3911296861799317,1.2974988856481664,0.756196861491761,0.4800183864602714,0.4800183864602714,0.7053163697485549,0.5962079176828766,0.8397068371740035,1.7159309219409795,0.17563953810123836,0.17563953810123836,0.2547921182758188,0.007156616450205802,0.007156616450205802,0.4575104929181962,0.8056379614426195,0.3566568456676392,0.6752578260003179,0.6178945747319435,0.6690178250647967,0.6705287708966887,0.5455235580440743,0.2543660675484691,0.5570898378114219,0.6569119597536567,0.8648961090088229,0.8648961090088229,0.5696948870092031,0.5235099729871153,0.554313927286916,0.8055446669173127,0.8055446669173127,0.145594228186599,0.003459940950145035,0.0019032485108273695,0.0019032485108273695,1.1296276718351799,1.4384461385404272,1.439403909207427,1.4376071998782105,1.4372607796386814,1.4374430045894693,1.4375943483644913,1.4379866213934902,1.4392188272127169,0.8455345822660707,0.3775660295936556,0.3757235079559301,0.3869670283727881,0.19462321867073998,0.19462321867073998,0.5808996894275662,0.5808996894275662,1.1487021921720455,1.1487021921720455,1.7356885979557777,1.7356885979557777,0.7443734298208476,0.7443734298208476,1.0695526109795166,3.0145371424540914,0.6092543099867069,2.99372970470811,0.9775025659225076,0.4525093583330263,0.4021405247138007,0.462109859641261,1.4392130796980125,1.4294078493807267,2.2181417686328424,2.2132186418455992,1.4369754967386434,1.4356166278173663,1.4403597094855174,1.4431848936966576,1.4388884334623315,1.439982132289339,1.4391933207665268,1.4379084600060346,1.4365618462078096,0.7909660481163692,0.4550590679766486,1.043220088799211,2.2065762678210703,1.8229427643779124,2.2507120656297523,2.2507120656297523,1.5680546464545153,1.441191758264582,2.254947035778203,2.254947035778203,0.633862527442807,0.633862527442807,1.1356572288648668,2.1853703971372083,0.4353520383056068,0.5632748945816494,2.2888000154381896,0.19741727833781494,2.41188871230055,1.7116059536099346,0.5903161007625509,1.3251247506919386,1.4407080277772666,1.4407080277772666,1.4394876037575446,1.4398358883284408,1.4388399678386716,1.4397282991198483,3.33924120786377,1.4402986859258682,1.5005012122108097,1.4407201396109723,1.7068056598831478,0.1776019177750271,0.1776019177750271,1.4394213947238417,0.6364443090135555,1.0908965131720547,0.20323042463023988,4.554063777430298,0.5985872727585593,0.3545982393117957,2.012061003741448,0.636212189995505,0.5271542949456145,0.08838020869482878,0.6965731978827203,0.679955222023138,0.679955222023138,0.8162131891547634,0.8842347476798584,1.4365242727548548,1.1055343440653354,0.11628360126455088,0.7102119582893609,0.931643691059504,0.5215888999884826,2.0137476007003237,1.4311865216882431,0.8736087040636796,1.4522047786481296,1.2023686786005694,1.6132976807156487,1.3652705049055187,1.3760383129310592,1.4927465451229072,1.9181003962451195,0.9470037491859123,2.4415011347541147,0.8055058061145035,1.2174375309272714
1,5.072675229089562,5.083140285812785,5.18403603878079,5.1725520162526895,5.163441160986427,6.594074070103432,6.639796081159675,5.239341914642505,5.127657402145847,5.112114080564286,5.007239248019519,5.8038970219214985,5.2369982665552905,5.163347524764184,5.068106905866801,5.068106905866801,4.465684581148975,3.5795788248325144,5.005425639513018,5.093489006610279,2.9109905967928333,2.9109905967928333,5.023919664040366,0.11829631691190308,0.11829631691190308,5.002951919919143,5.051633682158078,5.241915989685591,5.041825589913906,5.453330005552402,5.439894138944608,5.291312738820105,5.087793796226864,5.029339991865973,5.04596559629023,5.170366514673396,5.335056078316222,5.335056078316222,5.016646219301053,5.057734983601788,5.1509211102178165,5.0943369997510715,5.0943369997510715,5.007669606171193,2.2874290532704045,3.0925572045924548,3.0925572045924548,5.110558865836719,5.113195966000922,5.1217609609127575,5.112755994418047,5.114588575181854,5.114219857187561,5.111018892739342,5.112432786730039,5.1217136127073335,6.45676885933541,5.0696459936306315,4.796537663967498,5.02504621460212,5.118466066888415,5.118466066888415,5.3076809912702,5.3076809912702,5.123101928691057,5.123101928691057,5.080875971781323,5.080875971781323,5.048294814501131,5.048294814501131,5.012338957787922,5.101829449383337,5.099615716666731,5.0777525405433295,5.055135020487877,5.157556452136183,5.067177186745159,5.013991578528058,5.117294643669047,5.232463000260938,5.0771736593152825,5.070135430789864,5.1075328323790385,4.979398304711718,5.12049515399224,5.128408468068153,5.114801019750722,5.123356994709939,5.1168337957149905,5.1053674780334175,5.105615229864871,5.225465398408356,5.444552143287743,5.104535305567211,5.2180029974799655,5.16973683772466,5.244005710731217,5.244005710731217,5.01848363685348,3.998136564914754,5.343735923188153,5.343735923188153,5.16433550596773,5.16433550596773,5.016436869489677,5.40127824353987,5.065232574554383,5.249272874969958,6.480375014602987,2.143831576566565,5.006651889008584,5.5333720087707805,5.771738170578799,5.483982378789542,5.115238464929579,5.115238464929579,5.117501669603243,5.121423711317892,5.115070980968329,5.116576345322887,5.304858446585271,5.118654707538585,5.022950208356884,4.011242976923831,5.2140015107901405,5.122998930913052,5.122998930913052,5.115713553808117,5.180739419373588,5.025239085672896,2.863171316548431,5.106905319421292,4.067507368763113,4.801722537221732,5.067368623523506,5.063825386295632,3.5977604626830644,5.107708347187857,3.955898888941817,5.0530395652334885,5.0530395652334885,5.235034129131963,5.007609040658601,5.10756595894185,5.1415410875246295,5.444010154964976,6.224649314603416,7.2057003925127825,5.588993436143104,5.131255268101301,5.062274878832182,5.041281885228346,5.000181680916183,5.105300197656557,5.020611262253941,5.106137948576637,5.008304680665339,5.09087505526874,5.038865549108836,5.096544596333191,5.285912691663882,5.9395566047945145,6.169433519808472
2,0.17933300212545866,0.1585630658147096,0.6133892256949938,0.1672221798007887,0.7968112688336957,2.0,0.17871649239883972,1.0070640744494324,0.10556490397240333,0.0,0.1127718020551683,0.09244848873608724,0.5393170532951755,0.17513095988993932,0.08240160098646117,0.08240160098646117,0.05042262758076471,0.07129464082513791,0.5732901829228013,1.1610340570997004,0.09008957572431624,0.09008957572431624,0.05935933992214028,0.00228251540529483,0.00228251540529483,0.10395411035487986,0.28801826474209313,0.09190765109232987,0.2713520138549625,0.16802151713845706,0.25984690279206424,0.20516616420578326,0.08243999763521173,0.034274299286258886,0.07589068938961831,0.08588719492524,0.2711955339496054,0.2711955339496054,0.11644354036036347,0.07881293661960405,0.09757573999007996,0.3646162062009668,0.3646162062009668,1.787264773865393,0.006189653693788119,0.0009080544362618057,0.0009080544362618057,0.4583624743557162,2.7865103580971904,0.0,0.0,1.2674429347676741,2.322218336864618,0.0,0.0,1.1618741117668454,0.3027517587145693,0.04778585392829035,0.04400719860477119,0.05125367820824499,0.06417998362104671,0.06417998362104671,0.12245280225131495,0.12245280225131495,0.4652291318071252,0.4652291318071252,0.13205622923216995,0.13205622923216995,0.09349050554884926,0.09349050554884926,0.1649459473194247,0.0,0.06983175833038853,0.0,0.07459870220384286,0.063300580855193,0.053971607355342816,0.056508290563318214,0.0,0.0,2.547407067001123,3.1823521638643033,0.0,0.0,1.7425866745398202,0.0,0.0,0.8718012363940382,0.0,0.0,1.739520817559696,0.26794071746793263,0.09956989606459933,0.15500586601763355,0.22018171841986814,0.1900130015619811,0.20984132928195448,0.20984132928195448,0.16149883763264236,0.0,0.44356407390191455,0.44356407390191455,0.3187807828240836,0.3187807828240836,0.17120631732495686,0.47866513289936796,0.1468742300188726,0.18907262517233012,0.0,0.04774722004283512,0.2751165594639777,0.9022542248126836,0.14524436206744096,0.28982432987657025,0.0,0.0,1.3938000172903129,0.9300619109587042,0.0,0.0,0.27730686204952965,0.0,0.08748534167445565,0.0,0.3061152591698472,0.04877574387872738,0.04877574387872738,0.0,0.14411112880431567,0.10004046419748512,0.032548489347123226,0.086673727006194,0.08544669536097522,0.1052150063371494,0.2846092449897931,0.1841734116474976,0.044676539317934916,0.2442833713254437,0.0752936771435215,0.2594850977752353,0.2594850977752353,0.1806534068506495,0.10776188965480757,0.0,0.13847767736441022,0.5420826764969422,0.25226930519267404,0.3461966848578028,0.3479085749225681,0.0,0.1823487579306388,0.14515263748019888,0.2480646794575747,0.24793105095310256,0.18053997573606706,0.39178120160803065,0.2399848577079337,0.5058946574502525,0.14546477320090112,0.13378800189821807,0.0,0.0,0.0
3,2.3081717925401968,1.5503496852443173,6.0995088802909025,3.770024064130346,3.5200174545827125,1.757973691871785,7.211235701206603,5.828077555168521,3.0322414164074747,3.2152799385813657,5.346376119425216,6.1659792475681865,4.2235405911397415,4.273208870067392,4.881381733112799,4.881381733112799,0.9734464985328944,0.7679187689916696,4.155822359957945,4.37565169098781,0.6682568228725814,0.6682568228725814,5.519162133401537,3.0276335703237995,3.0276335703237995,2.6233368908716272,5.382027447290507,5.6143836729915355,5.210633576059316,5.678215216600917,5.338677502203138,2.3197745593194083,2.2722298514439663,0.8845019689890657,0.8325773126320329,2.297439351168234,5.258853812524821,5.258853812524821,5.144755801283728,2.2442296672448863,3.5033757769189724,3.5759877298962275,3.5759877298962275,0.7480988689671786,0.011633870600653871,0.006311810425229756,0.006311810425229756,4.328180691524133,3.218366962859128,3.232349414244101,3.219042112060368,3.2225296483036208,3.2219922255225995,3.2148397760510345,3.217158345163333,3.230240160861503,5.781291226147518,1.2827144812804323,0.9731595503808472,1.2392040976020082,2.251519005813386,2.251519005813386,3.898279533197726,3.898279533197726,2.690781080698505,2.690781080698505,1.5904845307330042,1.5904845307330042,2.334510870946792,2.334510870946792,1.3735536685838772,4.173549039006812,2.101668851038057,4.141777262918973,1.110147814771086,2.1576633485688443,1.330380320172334,1.4345492650259764,3.2241755320663197,5.2058210686596205,3.9445947147903686,4.566441038297795,3.206239894765159,3.206395595853861,3.2336093840570648,3.2479153293015037,3.2208077428527893,3.2335867315652935,3.2230942855286795,3.2029717047847304,3.20272813025239,5.468999469323906,5.076035969803404,1.3325030670607712,2.204910634265957,2.3205309053739773,2.22193035902493,2.22193035902493,1.8832852633098989,3.221693798196534,2.1719317410300283,2.1719317410300283,2.8765033009223435,2.8765033009223435,1.5103238568762092,2.0488050377533815,3.2279389705286383,2.96660282277898,6.998657072687335,0.5045785376941266,2.7422460710955923,5.590633446550907,4.415684166237329,5.156326356155202,3.227716137671712,3.227716137671712,3.225260505351545,3.236068579753857,3.2212153503024434,3.2244252216394984,2.623078502275593,3.228504646690292,1.3067955445834676,3.236886949837573,4.8509955129721325,1.7459128765614682,1.7459128765614682,3.2226830369956803,3.6830934772688066,1.2998335334012514,0.6329352748927501,1.3866345940066087,0.8749261466902035,1.1560948715591846,2.1386389523339915,3.066861008110352,0.7735086710168853,0.42173651877158813,0.8700819860825473,3.388908701753873,3.388908701753873,3.8746747312626897,1.1352243349581783,3.2060575579968478,3.3860730254217595,0.6550120352622961,5.290571109412525,5.384908666199917,2.1851840282268373,4.383291930505299,1.6083222137041575,1.369883248650673,2.1068002831579364,1.858871615676634,1.4475753233381126,2.3623874515076064,2.053881591076668,2.6368414130330717,1.5895385125834858,1.3435730518158755,3.0204631674729865,2.2234648531846344,2.217865432749558
4,1.3391770969024124,1.2254504518012248,3.5456535853172,1.7509666108855275,2.25257127076332,2.0208447104013265,1.7632819471021093,3.913120383072868,1.4052190980317978,2.321407830283726,1.3642107189309551,1.3972583079841756,2.7406469640765283,1.902155055378332,2.52321681259116,2.52321681259116,2.5483262959228066,3.70366343596092,3.757026152242767,5.016921274831836,1.5168624959411603,1.5168624959411603,0.8184227740138351,0.01452075023699993,0.01452075023699993,1.2146191329301634,1.820881464518792,1.132218465879105,2.0743841905533134,1.6857412269344636,2.0103954574009806,1.4599414048539183,0.9210983068651092,0.6158685602984935,0.8364474740058636,1.0332499771477472,2.8403885223986856,2.8403885223986856,1.5424977330770724,1.1505438585205807,1.178138398096511,2.7091257216422493,2.7091257216422493,0.21339427215619208,0.00490990133235862,0.0027416853559660737,0.0027416853559660737,3.349998487306405,2.32024007082527,2.323520184036697,2.3183980797034724,2.318492942337252,2.3185958681929986,2.3180488721697707,2.319075810291888,2.3241163005694707,1.7959253255618233,0.8503082830366349,0.5001855392180511,0.7892794375029606,0.6396110976545009,0.6396110976545009,1.4280343896364318,1.4280343896364318,1.7384430086831326,1.7384430086831326,1.054124706316891,1.054124706316891,1.0651595164310244,1.0651595164310244,1.8000331287211462,2.7435514185656085,1.3234527384304071,2.7176451490759286,2.656447389783518,1.3426455099946537,0.6100778519957488,0.9863445098652058,2.3223746378460883,2.4126286373651897,2.5759204966573943,2.5713192430774163,2.315825088757824,2.313136858728413,2.3258466778106497,2.333318870298977,2.3213240596052085,2.3250950474180554,2.3221940325133854,2.317440532452605,2.314550277921404,1.7305559964950703,1.8035535919392789,1.7678497140930831,2.747003214793675,1.4407330731498829,2.853617244397661,2.853617244397661,3.7642814118966013,2.3263017596173547,2.3373888427820813,2.3373888427820813,2.114875503953908,2.114875503953908,1.2670076194745221,2.1924995544593955,1.2560132323187614,1.6912445473493738,2.2012581712914883,0.3286630979172547,1.7192986059924933,4.2145949854550215,1.416251778816545,2.483345183722047,2.326055297342082,2.326055297342082,2.3231642558741825,2.3260043105930777,2.3212822770514725,2.3235199074159816,2.4584924622134885,2.325067897710269,0.920831581591835,2.326868678497294,1.98806340122654,0.5065666225668429,0.5065666225668429,2.3226251396830584,1.6998592380918809,1.6559941234403108,0.4164954031907532,1.0153426665112408,0.8014893845249587,0.8318278031512452,2.327506417619727,1.6063410988989828,0.5444313234289937,0.12448392301170715,0.6368230011505128,1.670043358347126,1.670043358347126,1.698365634889442,1.6720117115224131,2.314903797848734,1.5916571118000256,0.16465940376193516,2.040219883864625,2.414036829931123,0.7781978384324597,2.1774394268228816,1.3072515804282,0.9985461879243508,1.276481062717462,1.1584289568514277,1.1098673100364749,1.4746946416320958,1.2486193687024278,1.6866052808295415,1.2437684271417149,1.0096107601292679,3.048366591226701,1.3708581696523818,2.5893058773065945
5,0.5730220459677631,0.4600156852704062,0.5995066089957376,1.2563616937454247,0.5780516025964562,0.7292324124019336,0.9254809888010576,0.6119884506525709,0.7277414762506668,0.560720620665968,0.4879888889376107,0.4285355476525304,0.6182237695075514,1.2181550033763615,0.3523085338010465,0.3523085338010465,0.2224084958426178,0.18788896749164216,2.896293174234,1.4070437381141454,0.4438691731806347,0.4438691731806347,0.3873773147643013,0.004814330702426217,0.004814330702426217,0.7571888860957409,0.6339612803409735,0.5416815591097583,1.411621997450253,0.762370335652997,1.3696749695096102,0.9062786361868046,0.4612045891763524,0.13998463327105348,0.19927432641530124,0.3740732944249753,0.6125125146998671,0.6125125146998671,0.3968141622909668,0.3664652031931637,0.4870327204561709,3.0,3.0,0.052094268926922,0.001163554160202591,0.001174048594456586,0.001174048594456586,4.995046708666945,0.5609640770215768,0.5621463032014848,0.5610698680293912,0.5613852419924973,0.5613238497555488,0.5608258493998083,0.5609687066008033,0.5619388500909241,0.5619144722335702,0.2066928446448769,0.2076348543857749,0.2160738919716041,0.3094652854365386,0.3094652854365386,0.6613766921626887,0.6613766921626887,1.3053964336008217,1.3053964336008217,0.43966213741450827,0.43966213741450827,0.3968715007076529,0.3968715007076529,0.3495959840450021,0.601728302944322,0.3376501248303439,0.5940146767314302,0.2575398928254805,0.2499162715146669,0.2485792448269824,0.2402134896289661,0.5615077618023625,0.7038600296404156,0.3510727122032801,0.3506620218813049,0.5600770723038112,0.5602213201505887,0.5621486618102671,0.5634309772247618,0.5612643508790544,0.5622294435346593,0.5614455201947233,0.559649570404956,0.5597574955520411,0.5609230178626304,0.4406717569620111,0.3496313175193294,0.4626480892161402,0.4724195590281938,0.4697749411122539,0.4697749411122539,0.42140443671537375,0.5610952513053654,0.4025656871281297,0.4025656871281297,2.190060394892436,2.190060394892436,0.4350714347207232,0.4327495595364372,0.8564003970931277,1.5777155544779136,1.8493872940169047,0.158728401798064,0.4975958269555766,3.243353022381311,0.5112585397787048,0.8404762388428151,0.5613310506941365,0.5613310506941365,0.5614958136831922,0.5622663426528939,0.56131340254325,0.5615313019995766,0.5334896379835518,0.5618759442768939,0.3686566577467961,0.5626319427077904,0.5993452359972364,0.16918410869499595,0.16918410869499595,0.5614009211467333,0.9973425207590644,0.31190700830063706,0.11057129220533438,0.376231284490586,0.2298266186808801,0.8768192765285155,0.433493168386214,0.8909551172027388,0.252295739025348,0.02975130852853525,0.2878733008434692,0.969581020054882,0.969581020054882,0.7071018312534946,0.2763281971927662,0.5601020493596485,0.5297388855007649,0.03980750231596028,1.0039537634358413,0.8116621158277703,0.2640239343273712,0.5115721635924578,0.45865938289059205,0.4293388823253952,0.6919407541128969,0.6647074563279117,0.44082126975432345,0.8466434158222439,0.8647549487299141,0.8804430022870279,0.4592700258863735,0.4018706320712645,1.420663159900554,0.43910070203685214,1.0887926237761107
6,0.3704571283771339,0.2938337880471848,0.460140008146933,0.6704549771843478,0.4653367554108613,0.4583624743557162,0.5125646670181172,0.4709825144403077,0.3828346529869748,0.41742437499320595,0.2493593017569714,0.21489945384758727,0.4622750372990445,0.6664605500839453,0.19907746536144125,0.19907746536144125,0.1272733577470525,0.19113324027166387,1.7865779347401003,0.8468590238247055,0.2578292565659083,0.2578292565659083,0.17401705027519734,0.002407184874313505,0.002407184874313505,0.3887192101442466,0.4609607047913478,0.26651322150604323,0.8047135553062554,0.41448070843667056,0.7767868321210429,0.5450102380577486,0.24869232378531594,0.08476242133191128,0.2094772562500876,0.20739093171193634,0.4561959608453657,0.4561959608453657,0.2154129020216088,0.2123979650546322,0.265567877874912,2.4975233543334725,2.4975233543334725,0.03652074148536178,0.0008241475512903738,0.0008312987382911416,0.0008312987382911416,2.0,0.417528861353786,0.418438314120152,0.4175873707556458,0.41778469159722903,0.4177416362433177,0.41741986897043215,0.4175394801043624,0.4182325999173647,0.4176003972402295,0.1138416793721268,0.10721000844472048,0.11615437315171095,0.1658522687558747,0.1658522687558747,0.3649547317404768,0.3649547317404768,0.8304457222497844,0.8304457222497844,0.2471512557570112,0.2471512557570112,0.2248948551221404,0.2248948551221404,0.2478325713359793,0.4808527484432568,0.19540673384234336,0.4739754887223098,0.15741006143190506,0.14033139682503926,0.12927232415537274,0.1346474328218909,0.4179786937680655,0.5125335435616459,0.2680214418220345,0.26768787236707103,0.4168605981172648,0.41689728163266815,0.418479117247876,0.4195315707405463,0.4177922064576061,0.418513072083764,0.4179348094054332,0.41661030181533215,0.4166140659930692,0.4174743861274984,0.22880572354176146,0.2429377687502535,0.32132023039825786,0.31981018481695944,0.3200875389579095,0.3200875389579095,0.2643482206529214,0.4177960393220164,0.3050924203494828,0.3050924203494828,1.0392138564399158,1.0392138564399158,0.2644683328830683,0.3318222151564511,0.4543181695389502,0.853057312611869,1.455331526629617,0.13880438731745373,0.3673291904045172,2.0021059033133946,0.2753519455661263,0.5876110389243724,0.4178392721715991,0.4178392721715991,0.4179588033207694,0.4184965591332807,0.4178246425082693,0.4180211467447959,0.3953926614328813,0.4182928404272504,0.2117077985800714,0.418848107400546,0.4786203992559485,0.08454141962439443,0.08454141962439443,0.4179145235692075,0.5349017949583182,0.20175576995859976,0.06693710841045887,0.21978126598431091,0.22208189427598274,0.44246313714845853,0.3118716790665533,0.4756888391238681,0.13870937711959125,0.02110450124449063,0.15911801411076398,0.5612475841728626,0.5612475841728626,0.3929181956363881,0.21930558343177944,0.4168566011165232,0.3315066238572725,0.028188303341711737,0.5751592823155669,0.5455999342672767,0.1841956762486457,0.3810309672517915,0.2822218663015247,0.35005709363011805,0.4144372265309224,0.3995745713076058,0.27585804358458643,0.5703422973645416,0.49754994673805,0.6492430645379914,0.26696234199922186,0.32353160403103753,1.2102196799673428,0.2943081947470977,0.6248002690885095
7,0.8829590195254939,0.7434739363074874,0.994769240503384,0.9755333784277672,0.8305833527774805,0.3168272095151605,0.7900006150898362,0.9733982748439364,0.9911900968838284,0.7384849925515119,0.7628012977731862,0.8306956971954959,0.8689043635317215,1.0107724324386038,1.245742897873752,1.245742897873752,1.1120598697365598,0.41259804690703983,0.5523152144274489,0.5103822047947022,0.3050147718030794,0.3050147718030794,0.6403674259647099,0.014946399338360075,0.014946399338360075,0.9069977880087148,0.7484743441206249,0.708430996859395,0.6043482856668609,0.7842413147841385,0.6053771541835727,0.6771306875223342,1.0942868148202831,1.170785948821107,0.5258683707797976,1.5252310433171905,0.9244826347620922,0.9244826347620922,0.7941347863802437,1.6424130617465535,1.1913989731852301,0.6845552984864356,0.6845552984864356,0.04301653919636295,0.0010296006260776453,0.0010394425680557017,0.0010394425680557017,0.7414572147708611,0.7380762145540003,0.7377648186283532,0.7371914336181373,0.7371347126014349,0.7370860516241338,0.7371379517243288,0.7373866294837739,0.7386608575959108,0.7485408532546908,4.444506757596535,3.3086748963506114,3.9186962566893526,0.4571264814701642,0.4571264814701642,1.0404798427786133,1.0404798427786133,0.5901972765342786,0.5901972765342786,0.8207498603962531,0.8207498603962531,1.5386505657514578,1.5386505657514578,0.39917960761519,0.9844237665129408,0.9833639702227424,0.9812031053678336,0.9714738501321516,5.143660977986834,3.3478721447173982,4.677333007132028,0.7380801493099051,0.6595595457791846,0.4006337920854353,0.40004689214135797,0.7371526843748714,0.7359531294231447,0.739338114909883,0.7402557338006205,0.7378788231189564,0.7384896815166982,0.738035089828208,0.7382744949903252,0.7371448420687593,0.7384830297325423,0.9712104655255642,0.3984728941526024,0.9687379960403018,0.9465663414829968,1.003825645118237,1.003825645118237,1.107562650725188,0.739955185953749,0.5469506274586872,0.5469506274586872,0.7638562932047903,0.7638562932047903,0.5925531557162236,0.4677039628073457,0.6128210554130671,0.8228519159240939,0.5980341073435539,0.32938846681482303,0.9692727709256238,0.9360589350941162,0.7378408584336036,1.036917780137526,0.7400419649238109,0.7400419649238109,0.7385221842239815,0.7390048013748751,0.7377914274691552,0.7385414053551127,1.1623550071143582,0.7385535711756082,0.8022203932376833,0.7383643390885556,0.9841232687536404,0.4712949717935547,0.4712949717935547,0.7381881998267944,1.0359681373368486,0.9996448864822948,0.6206556597585133,0.8710920060648836,0.5099028577204463,0.5162625427794995,0.7251789715602305,0.7804418303534952,0.6807873312040366,0.026929293562715083,0.6037572414222272,0.6838062973214445,0.6838062973214445,0.9414146503726036,0.5349586174857146,0.7367789229538181,0.984057584501692,0.03583017607128739,0.8256690337999192,0.8389931043501251,0.22792812648275595,0.399097504830554,0.6557364556622864,0.6155908013430071,0.7756994474033299,0.62017713703275,0.5850314527976415,0.6674992939659784,0.7461988623901529,0.6717685020044344,0.7517476564714629,0.6273907941672673,0.6023153523359804,0.29128882024803865,0.3588162266307772
8,2.106004862176273,1.3202521252242942,6.472277773509432,1.4068829916845758,5.299204706127576,0.4377363750957495,1.632370656752847,0.868408948075611,1.2943476212690943,0.6897380757018381,1.3340446945971496,1.2140536864154827,4.0946626818367164,1.6853236061482415,1.6836772813371432,1.6836772813371432,2.694726089192695,1.2891822881353725,1.5293098026349559,3.6397792772483,0.3531067152955002,0.3531067152955002,0.8692884722619381,0.017059714196677553,0.017059714196677553,1.106405820177281,2.2138077230444337,1.1630076061931016,1.7825754767124455,1.6191486260741503,1.7580646138435942,1.1161761763828304,1.0872795324869005,0.5612100099855406,0.8004675838103819,1.4973909532061316,2.4246409600289316,2.4246409600289316,1.432944847817892,1.0495696603722606,1.2956774018523656,1.379729776124828,1.379729776124828,1.41821039208361,0.013823350141240157,0.0032987259871118946,0.0032987259871118946,1.887182141287544,0.6900720100750835,0.6908305375084994,0.6897672633740558,0.6902250594539774,0.6900880489132445,0.689571250590536,0.6897397125190415,6.861622798695171,2.328973249481917,0.8356519827510119,0.6430815193150478,0.7927506595802438,2.3349969743364154,2.3349969743364154,1.2151543731745185,1.2151543731745185,1.4173464866147547,1.4173464866147547,1.1935013171516005,1.1935013171516005,1.6169040059024757,1.6169040059024757,2.887402307144205,2.5819480124576617,2.4238484903109816,2.580055512124752,3.8744486516896033,1.1938329063190047,0.7887103667755913,0.979869828050288,0.6903512583384529,0.8782401356990671,0.3995251276457925,0.39881044774535823,0.6889225928022423,0.6888287581989595,0.6911291790179398,0.6923584945120078,0.6900901573327846,5.304130903597932,0.6902702989468777,0.6889970860328468,0.6886293256928335,2.137525723186124,1.275212768455892,0.8557340335424606,2.158002460360356,2.3497666789574483,2.0588487680683696,2.0588487680683696,1.7295555591154907,0.6906415882440021,2.1779672152904697,2.1779672152904697,1.1666708021167191,1.1666708021167191,1.0933552029434837,2.960730320421864,1.594018177938324,1.1201367126609236,1.3867747259661047,0.32730546702833196,2.9985406549879503,3.8160125793984654,1.4420390881047311,4.868994864717205,0.6911018666611894,0.6911018666611894,0.6905221029659643,5.6149295138021404,0.6901179493383915,0.6904233268968761,3.1814631207707404,0.6907512477242663,1.1451597035583634,0.6913739815013559,0.5830801698474088,0.5749673688166373,0.5749673688166373,0.6902690823747217,1.4964353947967568,1.6499999527716511,0.4416613191017721,1.2876484963164527,0.7824926349810486,0.6000706287441178,4.348755484194207,1.252722636874907,0.6358810982277774,0.5578899427784181,0.6689010748594749,1.2445711185565378,1.2445711185565378,1.858189622656944,3.889806835310989,0.6888740192808045,0.5147983962151013,1.4920057269639584,2.1071127621514667,2.8919811995262217,1.1441586956731713,0.65865692106675,1.3575439835348917,1.0617630657243162,1.3764104986364731,1.254526564595411,1.0726372331863274,1.4573955948433122,1.2749974188168591,1.6225257840306946,1.4134346798232855,1.0971955637313495,0.7006699261175031,0.44075319027088816,0.4968803874183977
9,3.551268596405567,1.9813477018501349,2.1784958933088503,2.5143707415077348,2.886711520496772,1.6264573376789184,2.546344753885707,2.2099721993365753,1.9719806089453789,1.7542881591477888,1.827204915407869,1.8041566867192884,2.0582562306442,2.6488312632695967,1.777122970226872,1.777122970226872,1.1303112334076282,0.9299263946180234,2.6415652530536784,2.315474420601885,0.6323084874926204,0.6323084874926204,1.4496634144008984,0.01950932522649165,0.01950932522649165,1.790194607764379,1.8753600429722763,1.6974280896358924,2.186592417549001,2.2354026882699363,2.169581172575048,2.5493784424045765,1.8470522107963387,0.6639429669986857,1.0664355606951974,1.0015600462938852,2.078410414309585,2.078410414309585,1.5691023902146226,2.011361617196469,2.117892199342599,2.803306763885672,2.803306763885672,0.14558177994122462,0.003350762032736222,0.003381369163134341,0.003381369163134341,3.334893129738826,1.7537200760593683,1.7564325861064205,1.7531387470274409,1.7533131080324948,1.7533829423342362,1.7526768540113942,1.7533223522274692,1.7567064482898087,1.7667460294820556,1.0115804428350728,1.500366744887207,1.0389193098505072,0.7984417983722896,0.7984417983722896,4.2830509291680485,4.2830509291680485,4.556004806739803,4.556004806739803,4.436026450663832,4.436026450663832,4.0712007668483805,4.0712007668483805,1.3077994040277636,2.4680306380030284,1.7635735333008546,2.4461643121417027,1.3033608814687714,1.339483937986002,1.9230240060267385,1.1667806493356785,1.7553680331623165,1.876419841294343,1.3680608721784222,1.3659168946861624,1.751037850624123,1.7497732031062367,1.7579306096639322,1.7621775954025247,1.7546352966158665,1.7574392668284482,1.7551981600747173,1.7516521298768806,1.7501961064344764,1.7542405706257511,2.2772132415192137,1.278888636504618,2.183075320926628,2.7410382975532865,2.211552248789337,2.211552248789337,1.871928120100204,1.7571360076619802,1.7105802808556891,1.7105802808556891,2.2250075762368637,2.2250075762368637,2.0002592901056966,1.7580294593634251,1.6384087695297262,2.166810885931654,3.6014114368551033,0.5800832232582172,2.917703245130076,3.5479874408778977,1.6171269885308472,3.0263705093174016,1.7566137265827326,1.7566137265827326,1.7557176275408093,1.757496131088213,1.754641461721667,1.7559299551090557,2.5242996024276345,1.7569295126293127,1.9625913587258257,1.7583630214894543,2.4655708905046336,0.6783971792800209,0.6783971792800209,1.7553751579027133,2.392092083232628,1.39650012083864,0.496402876456547,2.8288751410297226,1.1299234954278483,1.573476796861145,1.9715113554784172,2.2624872506840488,1.1389854735660059,0.08567513747575471,1.6341750823180006,2.2962538989948635,2.2962538989948635,2.4526597279988565,1.2320460777567055,1.750589049793088,2.2301507421781346,0.113701977936865,2.2430203092803005,2.3019483972269645,0.6850356379453734,1.9744391513622777,2.5386842523406914,1.8305522919769288,5.137888302711337,2.7936454837521314,2.2322093938096765,4.74618093109435,3.836212759292541,5.1470325937722405,2.306934015211912,1.7963671952117721,5.0891687680739,0.967464170616822,1.835699953375974
10,5.015368157463596,5.166342814909443,5.40677944592913,3.2559537550850965,5.067391929539354,5.026409496444616,5.10286903575059,5.584611483166177,5.0187079105900265,6.27182804563931,3.445524103909588,2.9652419919536057,6.192993520209078,6.150750317331218,3.5388844521508207,3.5388844521508207,5.193115997708366,5.143078175461008,6.038644502490983,5.345000900680414,1.5919691402280869,1.5919691402280869,2.1549071979175984,0.045784203462073535,0.045784203462073535,6.085391131186188,5.3297668810152175,2.936565113862584,5.011701846134629,4.502843515271652,5.0399732251174685,4.440943885293316,3.0967191462747747,1.6991304592790175,3.822835699790972,4.082453902145279,5.486808179501304,5.486808179501304,3.580886200459401,3.1107792307512567,3.5334307034936345,5.4709330224478645,5.4709330224478645,0.9918550976855122,0.021169776801688932,0.012509449276797605,0.012509449276797605,5.20649252329322,6.2702332929150275,6.276948136547719,6.269381016513377,5.172416032236492,6.269148502478595,6.268709416832372,6.269912444190063,5.046402606823029,5.388249571685991,2.309765888129828,1.9977080912944067,2.2773607404325955,1.84335519513604,1.84335519513604,4.106193739083208,4.106193739083208,5.009264787066133,5.009264787066133,4.8109380141153695,4.8109380141153695,4.481913593666027,4.481913593666027,5.144757466980346,5.657123427855552,3.961869701215399,5.643375066542804,4.508481784838213,2.962441100816962,2.2758479373406395,2.7561344131690504,6.2745910290571105,6.725208085565366,6.430609494022846,6.413109269628746,6.2647683619300025,6.262388902441237,5.714165925637065,6.2889133286388725,6.272973867124392,5.0297205116422745,6.27416709383793,6.264295978798492,5.700589139401932,5.08434855276824,3.3020443962044217,6.174324214981068,6.4306137727310935,5.433699692054565,5.657327572698111,5.657327572698111,5.1428528687619695,6.2762092228558,5.128870271132944,5.128870271132944,5.294102929098088,5.294102929098088,5.146913149375097,5.35323718224205,5.092319657772211,2.8627459614838457,5.211690137601085,1.1996327650394012,5.35705206607986,5.181413323306213,3.815514499949903,5.072319700727876,6.277252372546068,6.277252372546068,5.3265398639890025,5.109501962831502,6.273063163790089,6.275404341666423,5.928349497068881,6.278130381268129,5.14239707258749,6.2816768376839365,5.031404500213426,1.2690466874315338,1.2690466874315338,6.274603388927674,5.154804713778612,5.5027195193575,1.3535522029745422,5.234251164630362,3.6212022362717886,2.7044671617631204,6.083211811343897,4.3733970289786015,2.401812105203593,0.5879920428621546,2.789668259671795,4.686728970449253,4.686728970449253,4.92340601197442,5.686554559330518,6.263898019157572,5.077469552384252,0.773350844655808,5.3807802040600725,5.33665481817846,3.066258452643152,5.493805306594486,5.296747702893478,4.931342437002567,5.254551508891263,5.10092232306588,5.061692722386726,5.102398759310984,5.077028219250268,5.217107772911902,5.180851911180019,5.202298499769712,5.115311765542514,5.193688011048488,5.205617712617858
11,0.0,0.0,0.0,0.0,0.0,0.0,0.0,0.0,0.0,0.0,0.0,0.0,0.0,0.0,0.0,0.0,0.0,0.0,0.0,0.0,0.0,0.0,0.0,0.0,0.0,0.0,0.0,0.0,0.0,0.0,0.0,0.0,0.0,0.0,0.0,0.0,0.0,0.0,0.0,0.0,0.0,0.0,0.0,0.0,0.0,0.0,0.0,0.0,0.0,0.0,0.0,0.0,0.0,0.0,0.0,0.0,0.0,0.0,0.0,0.0,0.0,0.0,0.0,0.0,0.0,0.0,0.0,0.0,0.0,0.0,0.0,0.0,0.0,0.0,0.0,0.0,0.0,0.0,0.0,0.0,0.0,0.0,0.0,0.0,0.0,0.0,0.0,0.0,0.0,0.0,0.0,0.0,0.0,0.0,0.0,0.0,0.0,0.0,0.0,1.0,0.0,0.0,0.0,0.0,0.0,0.0,0.0,0.0,0.0,0.0,0.0,0.0,0.0,0.0,0.0,0.0,0.0,0.0,0.0,0.0,0.0,0.0,0.0,0.0,0.0,0.0,0.0,0.0,0.0,0.0,0.0,0.0,0.0,0.0,0.0,0.0,0.0,0.0,0.0,0.0,0.0,0.0,0.0,0.0,0.0,0.0,0.0,0.0,0.0,0.0,0.0,0.0,0.0,0.0,0.0,0.0,0.0,0.0,0.0,0.0,0.0,0.0,0.0
12,0.13010713816315486,0.14622586626960707,0.10941413163632682,0.13573485142709135,0.12431469853529292,0.08029570938995835,0.1101254432383366,0.1091753991257646,0.13542421312751726,0.09211660527657392,0.10149697943468602,0.10889069976423046,0.10127103565268733,0.1345411131783741,0.12133178696901142,0.12133178696901142,0.15556960531012212,0.11146414449174703,0.11771462153296633,0.11774655583514945,0.15253371558735268,0.15253371558735268,0.1066218052775285,0.004901861011020083,0.004901861011020083,0.13508379675624174,0.09552265750231556,0.10635707434191782,0.10133891357386716,0.1070939096979052,0.10139346638324516,0.12396577410326827,0.1350913218825277,0.20449448841567489,0.13856955561048584,0.1211440293315796,0.10387216601840893,0.10387216601840893,0.09826361176114562,0.15181537216330898,0.1366954832651429,0.1346498470016992,0.1346498470016992,0.010627184525037806,0.0002491134674481961,0.0002515142291631124,0.0002515142291631124,0.20574149572791264,0.0920915782294074,0.09210616065861928,0.09204891776674047,0.09205083268108297,0.09204793484262294,0.0920396985584878,0.09205663620326797,0.0921449115835814,0.0927274844344955,0.17823121282035267,0.11433885518187835,0.17958648527852036,0.08404793971660146,0.08404793971660146,0.14081914671812434,0.14081914671812434,0.13908862296961574,0.13908862296961574,0.13625249686306307,0.13625249686306307,0.12208278330657875,0.12208278330657875,0.09845390614259192,0.11530983381887268,0.1152449894495554,0.11499557294613386,0.15686660433974722,0.17527300464920312,0.11857167560685836,0.18404289303652352,0.09211168250760307,0.0913485736339911,0.09871417256252914,0.0986142788203028,0.0920214147868134,0.09195691275446508,0.09219803449135408,0.09228090663010068,0.09209426557241493,0.09215809061841926,0.0921087493843554,0.0920776227144686,0.09201432481157124,0.09212666016166712,0.11714548367014815,0.0984560363292774,0.14961693672273502,0.13591439360853935,0.15239505541674106,0.15239505541674106,0.16625523689266591,0.0922123313702436,0.11215114784895976,0.11215114784895976,0.12860036461488988,0.12860036461488988,0.13542248584058866,0.1168606735427456,0.1516064074034022,0.1332414860931992,0.13605947700819734,2.0330212848743394,0.13409513811601714,0.12937829313056512,0.09209637209258877,0.12188806083804067,0.0922147780455322,0.0922147780455322,0.09213634668117364,0.09218223203430813,0.09209026430380272,0.09213599630067007,0.16574866898984875,0.09214947150598514,0.14657295813457244,0.09215845321719672,0.11530652645585918,0.08644463676339048,0.08644463676339048,0.09211574103392373,0.13633488719274892,0.18421534496056124,3.0330212848743394,0.1240648983892226,0.17118721314914612,0.17430881742568807,0.1285838620562193,0.11594144252768535,0.15010545759261545,0.006340497160134864,0.17323101176887076,0.1131591224199312,0.1131591224199312,0.11759937008341842,0.1167488608297702,0.09200031870460816,0.11525792731181922,0.008359293079195041,0.1106717185312093,0.1045714404544753,0.04494457425580985,0.11250494773729958,0.1336700991939513,0.17537055980999014,0.13850328930623876,0.1973028573312969,0.13150953242811575,0.13462427609682748,0.14769892166416734,0.13494388174588756,0.14369825848371134,0.17291205795536174,0.12555252894941404,0.057324887705442966,0.08529378998129394
13,0.3660698508128278,0.2550417601358197,0.2520837672403314,0.4761555116149114,1.1748123642123791,0.09755148775745476,0.7468153879582098,0.2415544845607676,0.4200591619172679,0.3069336116150514,1.0013752395872508,0.9200189034571294,0.31963202496929405,0.5388234637615943,0.6377786754963556,0.6377786754963556,0.19536115695159495,0.14655954469325427,0.5612081942812197,1.1613156767121997,0.13372547846188587,0.13372547846188587,0.5112728052547888,0.0077575178639833,0.0077575178639833,0.3743719275606686,0.34285871478809354,0.6209642162642839,0.6477850194710244,0.9455744732293528,0.6398386500381836,0.34108847672674725,0.35663342258180675,0.19056139247504575,0.1619074727609417,0.4072978030153448,0.3330115109567491,0.3330115109567491,0.9366881119782579,0.38605607876834136,0.5074822882344284,0.4505000800488911,0.4505000800488911,0.6965105515609524,0.006543330162746056,0.0012823777981767679,0.0012823777981767679,0.5879309466493349,0.3076959780748993,0.3074932358868375,0.30758581687926434,0.3079853176833846,0.30780225879421363,0.30748889235709537,0.3074673319723493,0.30861937937956624,0.3115849532249209,0.26538314474533203,0.19406488847206305,0.2592389724559138,0.3577519417710733,0.3577519417710733,0.4785415111437757,0.4785415111437757,0.4098113272554389,0.4098113272554389,0.25509196481726704,0.25509196481726704,0.4141338868082661,0.4141338868082661,0.24247581541490626,0.1647964230574087,0.3440221719135637,0.1642424003271846,0.2102680248794207,0.4137049019322285,0.2572767764347493,0.2912855986353786,0.3072886963390909,0.31939624656000604,2.6120227660959925,3.2435286111502406,0.3073505438685625,0.3078359932121032,0.3078026285592129,0.30786476654761885,0.30728311571003863,0.30729700727647663,0.3073163044330101,0.30735901759477363,0.3074349793974838,0.30776710872956664,0.960503158936995,0.23231564216931694,0.38921004236813056,0.40063495979260383,0.3890546162025566,0.3890546162025566,0.32902778784611075,0.30707242514762634,0.5684211680455876,0.5684211680455876,0.3814230213852667,0.3814230213852667,0.25256082044629125,0.5171505996611391,0.4121034739664372,0.3867808704085188,3.167891600541825,0.10995702907781367,0.5025862582867439,1.3922237108862232,0.3074744047650831,0.9926118799360316,0.3072607189564227,0.3072607189564227,0.307293903335812,0.3077184153064469,0.30731687068535324,0.30752522396116994,0.4676103274001928,0.30711125909031645,0.22619760282944884,3.3073072586086987,0.9455632455430204,2.1536536293043493,2.1536536293043493,0.30717542728525604,0.4844748173107363,0.236053055116972,0.155090697666164,0.23683446495845825,0.1658851794519441,0.19987496417670333,0.4196815580929717,0.4064115559200322,0.15553455113885697,0.2762807504787754,0.17171290741190126,0.4470657749124374,0.4470657749124374,0.532209286160424,0.20056650172918014,0.3075016684514107,0.5192641669919674,0.9134250078726152,1.0234441989412129,1.7922297287375613,0.7634285926071965,2.742554151345669,0.2605998352800949,0.22725372686741366,0.3233948516192085,0.29402444505919795,0.2365622569023459,0.3741140579907704,0.30814814121001993,0.435800144063098,0.2582807876577977,0.22446418256727133,0.134102144547836,0.1793747926897744,0.11705330812497268
14,3.26625230548535,0.3490330476570453,0.15262615628443374,0.1661425545496564,0.9387784242879026,0.086673727006194,0.14500490589647844,0.15328899761166545,0.16083614913630945,0.11505489955347813,0.13826078227947353,0.12567011043228804,0.13315294710875028,0.17693445627904428,0.16689134464144414,0.16689134464144414,0.2486506092336344,0.15465622739980028,0.14409551295284675,0.13415762764207118,0.059395127612428,0.059395127612428,0.08834300501168921,0.002394354863672511,0.002394354863672511,0.14487620524086142,0.1169614941698255,0.11909447302142608,0.1256766918348301,0.1332949686514987,0.125961642942067,0.18060349691388575,0.1940967362572784,0.08400643492411299,0.17639808244065167,0.20748939463306715,0.13815762363195516,0.13815762363195516,0.1319255834443221,0.16746676710201738,0.19265329445256227,0.18811564224529295,0.18811564224529295,0.0110534827979205,0.0002630234034153949,0.00026550557695745244,0.00026550557695745244,0.21978126598431091,0.11500319848845796,0.1150765939437632,0.11492504350092984,0.11490668342984513,0.11491588639483415,0.11492108339678825,0.11495519721604255,0.1151274960610433,0.1159128101346753,0.13263853706367087,0.13539468507819574,0.132601240017784,0.06734957621418121,0.06734957621418121,0.16998316714166614,0.16998316714166614,0.1916668983818652,0.1916668983818652,0.8222644563319963,0.8222644563319963,0.2305230486593336,0.2305230486593336,0.15497759627837315,0.2410460182692727,0.2180280217762528,0.23915852539336144,0.2997391821708301,0.16252647526511646,0.14514600186465398,0.16278506677546256,0.11505765148963515,0.11459359092502075,0.1559392822636215,0.15558902658347484,0.11486775799779303,0.11475737576525527,0.11518028639864435,0.11539865759601188,0.11502840043082295,0.11514789785823412,0.11505453459776137,0.11495439505003507,0.11483413057867167,0.11503314162279203,0.13974943945990398,0.15464184848360674,0.5281004251297728,0.4529753731275459,0.5464001622945176,0.5464001622945176,0.4179045044048367,0.11523422646510252,0.25869176688535844,0.25869176688535844,0.14537996561032973,0.14537996561032973,0.1982901951936031,0.1928418046504937,0.1317426497498935,0.1471328349550846,0.1683959440694851,0.06063524202955942,0.5248726773130564,0.20064857217316875,0.11503672545721375,0.21960546471403544,0.11517781513593522,0.11517781513593522,0.11508405776164805,0.11516550185657985,0.11502459805928016,0.11510246347442207,0.6489057359449537,0.11514579839725353,0.3712139349009312,0.11518303811428325,0.2427387335964509,0.06082571342208753,0.06082571342208753,0.11507239336672548,0.16821906696018746,0.2770411373868784,0.06342965635966318,2.0,0.15983440259859125,0.11712353144138295,0.4320538529999299,0.17721388942571836,0.17190058483208187,0.006743706038639015,0.1886915808974461,0.16101489880530487,0.16101489880530487,0.20149342599539305,0.20253027716427927,0.11483101978018585,0.24097620378426265,0.008886252671986974,0.12799043512856076,0.13658617303224074,0.04882979732385258,0.13889477562225988,0.3217002146729057,0.2183737544344181,0.39451502779519376,0.23574402230915734,0.2297957083598056,0.2710656674089941,0.3110357218873199,0.27653950432574065,0.4225342513762808,0.23680412370288306,0.19716506449129087,0.06308777963252933,0.09445210487293364
15,0.17389183061909522,0.2383134208956335,0.08624535633751595,0.1014525338865927,0.1863820212438306,0.08544669536097522,0.08963779328078007,0.0865713750301262,0.09919381566951292,0.07322208885371488,0.08301285797100537,0.08096164412405342,0.07980705607718112,0.10288250831497904,0.09018936002840693,0.09018936002840693,0.09604076639788377,0.22987679263367086,0.10249778695510732,0.19269531848148286,0.07016946304438727,0.07016946304438727,0.061082290957030966,0.0023464065109928037,0.0023464065109928037,0.09601861452145392,0.07534542507897847,0.07981037316664713,0.08472642192616227,0.08531442428212467,0.08481073310132542,0.13367889697690158,0.10365445636271843,0.053971131395035364,0.3211540310229589,0.11657664523705215,0.08168475991618337,0.08168475991618337,0.07774883651978774,0.10111948741882552,0.10302000816901644,0.11491330934044006,0.11491330934044006,0.01131807406519838,0.00026337107379385,0.0002658587146208229,0.0002658587146208229,0.22208189427598274,0.07320405540347534,0.07324967407725311,0.07318048684739707,0.07317298626178781,0.07317500270841272,0.07317564459131941,0.07318985575257217,0.07326419478033011,0.07356575324467655,0.07646167481604385,0.089750469476539,0.0812027318192443,0.05077104573982163,0.05077104573982163,0.10861332953295072,0.10861332953295072,0.14939709532493944,0.14939709532493944,0.18263014836071173,0.18263014836071173,0.12432117449532228,0.12432117449532228,0.22843685805068584,0.10770770626121663,0.10101705426951844,0.10722056119376006,0.13656836372622422,0.08375517955277131,0.09145003306828592,0.08728276898756197,0.07323314796762925,0.07453817081140564,0.2295252041252117,0.2292674401735144,0.0731461574970449,0.07310860741001947,0.07328794331943414,0.07338284364032015,0.07322015526404962,0.07327667119868224,0.07323205024688728,0.07317133931405458,0.07312978240586228,0.07322024350213309,0.08595841142348586,0.2295170620240613,0.17527349023648145,0.2605105511938272,0.1697436631415625,0.1697436631415625,0.16930826058186854,0.07329154950848804,0.2149815044200996,0.2149815044200996,0.09836719730616017,0.09836719730616017,0.17354280378547554,0.3521594514662346,0.09643245117363684,0.09926615807286324,0.2574679603407232,0.12275389726891946,0.24624363070574565,0.10583247144650147,0.07322536612484018,0.1042510648160392,0.07325594092867417,0.07325594092867417,0.07323767023171486,0.07327515159370175,0.07321946883195986,0.07325044558178738,0.2484480552941232,0.07327063997239963,0.2869934210241289,0.07329445745336059,0.10795483871836167,0.04629536099929174,0.04629536099929174,0.0732377869120101,0.10144633101080344,0.15048738316470847,0.04843331588022667,0.15983440259859125,2.0,1.0964327066986226,0.203325910050038,0.10202300336057768,0.2280447131431233,0.006522073690085243,0.4650552442199586,0.1004176429485639,0.1004176429485639,0.10099847697116343,0.2185672209108712,0.07313334216451071,0.1076552487002272,0.008494566622096196,0.08170413149144706,0.08273295715469504,0.0397430634779232,0.2168616887937372,0.20731571792204556,0.3345490887272762,0.206541096715492,0.4713554506974823,0.21585204687349213,0.2053692912763184,0.19138025468554384,0.20697182469759445,0.2001465417192591,0.34847067431356177,0.13718229882387895,0.05105403373013377,0.08444504733842101
16,0.4296381719924705,0.4262252464653499,0.15769235530758308,0.21537758731840026,0.3678640743705144,0.11997021646145642,0.17107668303647994,0.1587575643047594,0.20885935369413366,0.12379966105314695,0.16091997016829007,0.14984662834370904,0.1412292170474942,0.21921555883409805,0.1932809464546148,0.1932809464546148,0.23342125231202346,0.20288277141076036,0.1964135842555909,0.16197482369190214,0.14401366418239706,0.14401366418239706,0.1484661527035299,0.004748038739048707,0.004748038739048707,0.2039866571890284,0.12970188128143914,0.15547305099376474,0.15320311368668424,0.15728443916990847,0.1534087649777048,0.2961628253710377,0.3126199726231141,0.12909936275693418,0.3632473873334208,0.2740061914198897,0.14821585483417096,0.14821585483417096,0.14115062909844622,0.2756143156024304,0.30422828770666754,0.27008451993440863,0.27008451993440863,0.013275729877150179,0.00030843528648237024,0.00031139362379506164,0.00031139362379506164,0.29782739123035523,0.12375847834488125,0.12388388977544718,0.12370748345167062,0.12368513538617508,0.12369837556487415,0.12369241289068468,0.12372774650804365,0.12391827608938935,0.12477625273531875,0.18775649913018816,0.23603715183535776,0.19676965943353086,0.11351077486157655,0.11351077486157655,0.24235550884428606,0.24235550884428606,0.32416042734720585,0.32416042734720585,0.5345795558757072,0.5345795558757072,0.2854847858748044,0.2854847858748044,0.17345383171876436,0.22096818557305895,0.2198067432134353,0.2181607609296885,0.2453711019291521,0.19976467037984186,0.249118323527089,0.2150982683202564,0.12383628066945053,0.12782476064064982,0.17467166170165047,0.17430273476692562,0.12361328267720212,0.12352746260631292,0.12397574950026083,0.12421401929367196,0.12380252277467302,0.12395079800955508,0.12383287257928766,0.12366699681508335,0.12357077368409697,0.1238061051142898,0.17588522398592973,0.1734430821850502,0.3105846930381343,0.4005885516638316,0.3095369570584533,0.3095369570584533,0.2882278738998821,0.12396852364215015,0.2221299972345548,0.2221299972345548,0.20281179225684176,0.20281179225684176,0.30845861493848203,0.2652393451797298,0.22578888342034945,0.20565968780768587,0.2269567590121539,0.21633342121992324,0.4020885106111629,0.2281600064200883,0.12382015609476582,0.2256729242206508,0.1238694557590823,0.1238694557590823,0.12384674730766118,0.12393805805251525,0.12380157419504678,0.12387743366033775,0.34675951806934835,0.1239290233319725,0.5085026486734198,0.12399499546998137,0.2211142939598653,0.10162623154038844,0.10162623154038844,0.12384565090505915,0.2145748876083388,0.2627313523320891,0.10700304814156296,0.360592165729528,0.6930999573630818,0.2501150884560329,0.26437346721312355,0.2235839749216217,2.1999048028872616,0.007809884041032379,2.1999048028872616,0.21353576466019605,0.21353576466019605,0.22046001438709695,0.21122294947958392,0.1235836649519743,0.22027078365312072,0.010288150232253608,0.14856825655214795,0.15088758523371235,0.05589295419463941,0.2325231538001369,0.3916070984769356,0.5772709621083566,0.6752097976041079,0.9758577107090274,0.3709239012354811,0.6790817068439854,0.5601957475556965,0.6883558593343416,0.45505342281786004,0.5850651140610935,0.28794685094162603,0.07504299028075777,0.12772519411244904
17,0.014093204022954985,0.01094554838524787,0.05739420819359279,0.00994421008322571,0.06334145628662592,0.2442833713254437,0.012012592834381722,0.0942611098683345,0.007168332837763477,0.2661296594697934,0.009256065973602994,0.007462949942513742,0.0490080236839168,0.011292135798783498,0.007208208552282081,0.007208208552282081,0.004462906748473176,0.0065155477600549105,0.021436657383546057,0.07765239401506885,0.0031045178700379165,0.0031045178700379165,0.004114079749042807,0.008048964912602473,0.008048964912602473,0.006560857046596467,0.02599407849868166,0.006281072142818928,0.015339250508726603,0.012194218415244531,0.014815389588215596,0.009633997656218463,0.006048847751090295,0.00296756264227572,0.006495944437070287,0.007781733207991121,0.024502658559173583,0.024502658559173583,0.012119802177611156,0.0057719420317220976,0.007594071878946467,0.014875654264267625,0.014875654264267625,0.17229424193686954,0.005949029244747692,0.000872435342469955,0.000872435342469955,0.02110450124449063,0.2661336548551297,0.26611799221399546,0.26614094067940497,0.12096734926498562,0.22177956192257695,0.26613410561458484,0.2661361108473299,0.11088411507477633,0.028928914749359377,0.004076507044669536,0.0036059625196592326,0.004219986501003608,0.004285454749418186,0.004285454749418186,0.007890294886761498,0.007890294886761498,0.01803176863608752,0.01803176863608752,0.008492083845098005,0.008492083845098005,0.008423421369930342,0.008423421369930342,0.015978027136539667,0.260082209999386,0.0061936760800569614,0.2601757565805071,0.006889363483091975,0.005748606001118475,0.004480864118149359,0.004797367378114862,0.26611682258729513,0.2640533800006565,0.246082215156053,0.2460757507573169,0.2661520590284982,0.2661545403944464,0.16632273173856382,0.2660935890381497,0.26612045666196216,0.08315816928110173,0.26611864066474633,0.2661694148503631,0.1663519308388803,0.0255898262844156,0.00820741359736937,0.015002007580280247,0.02055178744048728,0.017360456674710152,0.019347472612841653,0.019347472612841653,0.015106986406805262,0.2661265177808711,0.04280275709023531,0.04280275709023531,0.011786642625996206,0.011786642625996206,0.010606897342604477,0.03840358224211742,0.008347884500577336,0.009088847313957324,0.2077681810228652,0.0030022735565548558,0.025271898608999588,0.04916376289862972,0.01386035319598976,0.023206102818713888,0.2661339551158732,0.2661339551158732,0.13306049264215275,0.08870185161663874,0.26611905420017823,0.2661249797352517,0.023271726927840814,0.2661016301734502,0.00668073442601684,0.2660844234915836,0.027090491579657084,0.005098163493595953,0.005098163493595953,0.2661149180652666,0.009401599652132405,0.008863990202666377,0.003338223603580008,0.006743706038639015,0.006522073690085243,0.004403024886097802,0.02762955148573451,0.009668736604886256,0.0032190382740165378,3.0,0.00459084576701584,0.011993872253240577,0.011993872253240577,0.012164397534219391,0.010451424718078734,0.2661533597239372,0.012269040119874824,0.77250734598683,0.018113981882626282,0.027311589783775708,0.054048383903702,0.2424375010624076,0.011904538818620724,0.009515649306017464,0.013144099495140877,0.01358304236167618,0.010509691734897105,0.017487840447319318,0.012109281598497723,0.021769554841868512,0.010220942580186548,0.009248348740860744,0.25125105516537005,0.2645491750605544,0.24838869076467354
18,0.5143342557094465,0.3713653440807646,0.5636020927967991,0.6413918262331311,0.4742108442560648,0.5189701955504705,0.8914443408352161,0.5758099732892543,0.4854328286906301,0.5124406486883152,0.5917605914690339,0.4970393070477669,0.5893898527673112,0.6885881665050546,0.44221952156909006,0.44221952156909006,0.18934097742833209,0.16879429324586007,1.083044180959403,1.0144682219224772,0.2314740798792169,0.2314740798792169,0.4744167776290741,0.00486710315804432,0.00486710315804432,0.43541774847493225,0.5787619146580895,0.5651127762380894,0.8973609922430569,0.7658998490456463,0.8854930150538971,0.8070831747327737,0.4937174615962714,0.14159346340018972,0.19245470280064006,0.375900514322008,0.5967004349768789,0.5967004349768789,0.4350685990128933,0.3586217280990461,0.5639676363583822,0.969581020054882,0.969581020054882,0.04135390038816466,0.0009328455755825848,0.0009414054550160102,0.0009414054550160102,1.1224951683457252,0.5126039267666808,0.5138548643603972,0.5127167329478204,0.5129918458886994,0.5129640308836717,0.5124699089553915,0.5126293837790427,0.5136770681651784,0.5150315960765259,0.20104033776391328,0.1989200850717525,0.2010372673968566,0.28281226631322776,0.28281226631322776,0.6064666415461949,0.6064666415461949,0.8147489860070681,0.8147489860070681,0.4796659542303586,0.4796659542303586,0.3953723172112417,0.3953723172112417,0.2789664380471559,0.5439189976430877,0.3454427598802389,0.5361935612440357,0.21899594767210168,0.2786973827718052,0.25799902061036417,0.2299185010281973,0.5132146048744922,0.643717028104682,0.2801077269612086,0.2797819085679277,0.5117058796968614,0.5117860734892797,0.5139250962980277,0.5153036762771102,0.5129596600108555,0.5139872124172191,0.5131521023377376,0.5113289855597319,0.5113737256269975,0.5126864166530906,0.5628835293313468,0.2789591853371597,0.3808518412128488,0.4412020068007012,0.3870140623411088,0.3870140623411088,0.3462819205254285,0.5128999721378055,0.32417930635755315,0.32417930635755315,0.6046227616662774,0.6046227616662774,0.3964391880104843,0.33903272675114604,0.7298446096915333,0.5795717802480184,1.2195445253936812,0.12270636327637148,0.4558645682434993,1.1811564659372074,0.5131836340395104,0.9834263024440792,0.5130438098365949,0.5130438098365949,0.5132256970935448,0.5139721539196432,0.5130058007597154,0.5132668208600347,0.4246134713225384,0.5136253703494454,0.2979177802614389,0.5143885153230847,0.5411753707748349,0.189871517250895,0.189871517250895,0.5131182309117185,0.5805574266884929,0.2593583248294575,0.10361188156349092,0.3220297976106097,0.2008352858971278,0.35725903955189403,0.3520964022384497,5.220357948198993,0.20347201629761227,0.02398774450648115,0.22359951302277986,3.0,3.0,2.160831588073034,0.2550490076120537,0.5117100533643936,0.5400184329514605,0.03211699922350189,0.6581573517813782,0.9506820089313686,0.2175107287591702,0.38424988678285066,0.4676953446489941,0.3381733004005525,0.7339770768713229,0.4984753196197485,0.4214303426048464,0.7312505504961649,0.5728191869441783,0.7405917798673695,0.3986476774972146,0.3281527051931319,0.9300715812048804,0.35065586269911386,0.7473552485130411
19,0.4502141957239218,0.22031123100346545,0.6617780597069525,0.3080649108697204,0.4350089173379481,0.13847767736441022,0.3509546976088661,0.6685911071526179,0.278032613036648,0.3546029467308937,0.2853647003639756,0.2192526668368665,0.4598656588425642,0.406399219962056,0.4187896464291426,0.4187896464291426,0.18965650465727524,0.09830196063759823,0.2414331359132201,0.22468621773364653,0.048378780497050966,0.048378780497050966,0.119217410016963,0.002462788622401061,0.002462788622401061,0.2195463268238181,0.35121263202004266,0.1683079022410772,0.26934497625704085,0.3396774142350843,0.2707956570574256,0.1985553909319624,0.2209598192467793,0.08855710271091792,0.10716617079409793,0.35468053281432393,0.4589832580793342,0.4589832580793342,0.3780500462988409,0.20426815660876665,0.2861493515882185,0.26486944275038243,0.26486944275038243,0.019260826385569405,0.00046603751473065164,0.00047030112129775516,0.00047030112129775516,0.3315066238572725,0.3542585409001701,0.35428545544793666,0.3536710222571537,0.35366178834711165,0.3536649208530714,0.3537271370561127,0.3538952364902991,0.35465196618884465,0.3578109800863122,0.1488849785045233,0.12295488500975872,0.13666416314195715,0.07967598848040362,0.07967598848040362,0.2470175554010764,0.2470175554010764,0.2444383630745973,0.2444383630745973,0.23572759005442345,0.23572759005442345,0.3878918625589706,0.3878918625589706,0.1779461049111656,0.0,0.0,0.0,0.17750031434312838,0.241254398059546,0.15549396402174073,0.17880519576416584,0.35440853319897153,0.3214759003746164,0.1786510365582844,0.17840667058234608,0.3536271577837388,0.3528882150541475,0.355050444694242,0.3559012126688894,0.35426669386559906,0.35468379124767496,0.35437145165131634,0.35429902636240224,0.35351757547949386,0.354323929646841,0.2767581378773735,0.17769803770550005,0.3817443941655254,0.4998889323672735,0.4056786581310517,0.4056786581310517,0.3304708572801811,0.3556035086657974,0.24286537774121375,0.24286537774121375,0.22588553140688666,0.22588553140688666,0.17954473843270405,0.1993838266633928,0.16987923949734485,0.21391148609400806,0.2792819027719383,0.0474729063396746,0.6018600152300178,0.6784093213101963,0.3542166191909287,1.2503452264237238,0.3555922747002941,0.3555922747002941,0.35463491156362675,0.3549781602132972,0.3542249010553934,0.3546422381198869,0.5048984715396868,0.3548106234411271,0.21219354656739794,0.3548058047225571,0.0,0.08222918113470516,0.08222918113470516,0.35449828737867545,0.3371867276059393,0.20012097017395547,0.06778502097214463,0.24097620378426265,0.1076552487002272,0.09050859942819592,0.29825529355752256,0.2578193817458768,0.1155696280811966,0.012269040119874824,0.10470115557192412,0.27000921647573023,0.27000921647573023,0.4624512458608592,0.16541223755074225,0.3533882808870016,3.0,0.016327193022686894,0.3404584647128876,0.4189531390358613,0.10438721415164197,0.16814280016452055,0.2243724141434695,0.17948794183562236,0.2884220832048894,0.23169533345743595,0.1844605654880563,0.2609766155688008,0.2735906002320559,0.2666112858081429,0.23542229099615045,0.18182988427726454,0.2833447608684201,0.13157827040907086,0.15918098221410276
20,0.01856915111086304,0.014332602448316238,0.07706321906582657,0.013306449373520692,0.0833818477053716,0.5420826764969422,0.016161012846005306,0.12652446973755965,0.009589646595116002,0.8996476935675389,0.012481001065058615,0.010066677198379738,0.06610055753471754,0.01510747642840986,0.009664497755989094,0.009664497755989094,0.00588171554685073,0.008439664482497633,0.028747918561241245,0.10226110965936734,0.004131610833566364,0.004131610833566364,0.005537761384461122,0.008690481548285259,0.008690481548285259,0.008776981283059867,0.03515944452090352,0.008463171030333904,0.020675105857215912,0.016437822593041797,0.019967716716754468,0.012850968673043087,0.008071213596693405,0.0039398728699058866,0.00844467367434009,0.01035712167730511,0.03306192457820622,0.03306192457820622,0.016312617030278316,0.007697697090248711,0.010166100488649944,0.01990375115798014,0.01990375115798014,0.3633703938707559,0.006008848935283497,0.0008813607436115418,0.0008813607436115418,0.028188303341711737,0.3598837371248437,0.8996023993156271,0.5998176437137752,0.16358372358398818,0.2999077697812666,0.8996991090384223,0.8996945210188149,0.14994440433316025,0.03911932859658007,0.005422843462045793,0.0047846331060912755,0.005608768809573107,0.0058108628724874,0.0058108628724874,0.010556181242180256,0.010556181242180256,0.0238940782638343,0.0238940782638343,0.011200038609128429,0.011200038609128429,0.011200690853289522,0.011200690853289522,0.02068489487514327,0.5768640475222263,0.008242593219172952,0.8655764705958237,0.009015995006617565,0.0076748396988888965,0.00596213466061575,0.006376956334072569,0.899608749467157,0.4466504320766767,0.31861310068066784,0.3982446355087007,0.8997645321789112,0.8998037602447725,0.22490497736763151,0.8994574008371298,0.8996294486675348,0.11244803646569036,0.8996159968766276,0.5998810617028759,0.22495547660317186,0.03460359784170534,0.011053059221986213,0.019421227361763785,0.026820322739680026,0.022777201798604745,0.02529210638310433,0.02529210638310433,0.019723976203091586,0.4498168885688069,0.055575112361010176,0.055575112361010176,0.015765048266393356,0.015765048266393356,0.013903767305611206,0.049968503131407466,0.0112386146336769,0.012164336755662586,0.27419278873800385,0.00394491710313472,0.03310331800304776,0.06578831458726811,0.018742505249290192,0.03100200270535224,0.8996262726778079,0.8996262726778079,0.17992705021827968,0.11994571834230792,0.8996270964914923,0.8996249416823371,0.03049747424024317,0.8995434066151979,0.008792272386600741,0.8994847321790991,0.036049588165515116,0.006970137846758014,0.006970137846758014,0.8996016825077932,0.012578120921064074,0.011586164684617043,0.004414375976060321,0.008886252671986974,0.008494566622096196,0.0058587256382357095,0.03589366196342274,0.012936456715441528,0.004250321821039961,0.77250734598683,0.006037828411213648,0.016058499611750945,0.016058499611750945,0.016268935323221385,0.013540573635583893,0.8997789034715903,0.016327193022686894,3.0,0.02444775115999269,0.036823646651088886,0.07626298469383729,0.3169017666081028,0.015603092490856287,0.01246794420136768,0.017355315941020518,0.017856852617291027,0.013777786444061522,0.02310148302888735,0.015995298831588668,0.028765813929236533,0.013411905770523263,0.012111081982570037,0.4172399227771175,0.9128606617087984,0.3324959878421765
21,0.5309911402123464,0.32249847845265056,1.9944529757376848,0.8446079120385916,0.7883660306838679,0.5984659900504768,1.957274144328751,1.976332476160996,0.6529429337196941,2.224152919241037,1.9952098162554948,1.775216314773558,3.282722503684285,1.0019640472963025,0.9877901766674886,0.9877901766674886,0.1814281221306786,0.1455195257589582,1.1246460736312978,1.027082638939836,0.14883859160469393,0.14883859160469393,0.9844343186133871,0.005033721455499508,0.005033721455499508,0.5586458436217043,2.4149980858348474,1.5382796528954046,1.9493008318284344,2.42845168174537,1.9482328423039657,0.5442948406402743,0.4535913377367767,0.1607210660504791,0.15630405804979502,0.4825293437570189,2.768558260522584,2.768558260522584,1.0885490502932502,0.4273689471012147,0.7481916943544105,0.9078079396318056,0.9078079396318056,0.0731676869329602,0.001714827516531292,0.0015977069567403269,0.0015977069567403269,1.1207592165828435,2.2248350469332014,2.2354849601464006,2.2259447309684597,2.2275453999549693,2.2282155461722946,2.2236230832895068,2.225068344682398,2.2340534029774486,2.223365911591628,0.2514452478710653,0.1865940798572438,0.2353301412054272,0.7653539577482762,0.7653539577482762,0.7620225093724964,0.7620225093724964,0.704652004949033,0.704652004949033,0.32174521633702585,0.32174521633702585,0.4840646225950778,0.4840646225950778,0.3454667936442405,1.249218062402777,0.427572252159452,1.2367559651409283,0.20937297283373826,0.4477613995160554,0.2639754281088563,0.27955584159139624,2.2304581020294543,2.9955013835072224,0.4607941095740929,0.4603272547161778,2.217318817565026,2.217311953061795,2.2360251316342072,2.248587002982773,2.2280859087136697,2.236782130527076,2.229735798141768,2.2147743313867454,2.21447547176106,2.1688973115860017,1.4767358582782046,0.32505228681388376,0.5205423248173806,0.5390231798023077,0.5251931142765531,0.5251931142765531,0.40995563539433816,2.2286426673419704,0.5316842396154593,0.5316842396154593,0.7031356135617713,0.7031356135617713,0.30525222788657397,0.5205931163801794,0.9175082194099315,0.6847960952994927,1.1973519564192423,0.09320316032124976,0.6584367085232417,1.75935855097712,1.6847156335192668,1.659397218234,2.232252986369209,2.232252986369209,2.231051514601159,2.237183157168642,2.228428867531284,2.230893914466802,0.6407855086155336,2.2339985181951807,0.2502932297674063,2.240215544018569,1.2394721193927924,0.2877291918301025,0.2877291918301025,2.2295873842767717,0.8298518549087803,0.2547936245346911,0.12203999866443485,0.26457660816080153,0.1644370886461421,0.2328511385277761,0.5380075593916942,0.7224713485892607,0.1406487573110844,0.04542557166640199,0.15880708447477593,0.8044196803563735,0.8044196803563735,0.9587742322658976,0.2333070233841192,2.2171424180804737,0.7594116037487488,0.061271397811081575,3.7610917390874734,3.7610917390874734,0.4971726918064174,0.5256432723732056,0.3500603639020867,0.2821782853071028,0.4915432346473067,0.4334239743017689,0.30482752250741496,0.6276824962467402,0.4676035903149803,0.7066486617080135,0.32719383660290824,0.2743754850457906,1.0054616217441272,0.7568948371314438,0.7604340807371164
22,0.10197402186194937,0.07161552185985635,0.5135045197820516,0.09112597719314036,0.3479993562666768,0.3479085749225681,0.1248272979092194,0.5145049397475886,0.0659370242646067,0.6025279493293768,0.10220534425491694,0.08279784244481875,0.5445190941202972,0.10396828819423162,0.07063708930256374,0.07063708930256374,0.03243206253857086,0.037309313840153784,0.19602522290030436,0.3711570605483032,0.024532537738391157,0.024532537738391157,0.04331349787564424,0.0026995761219720748,0.0026995761219720748,0.059914060799113975,0.3088333178969429,0.06740030870419196,0.16119365342379954,0.13267530308890238,0.15571140446587475,0.08208159549108178,0.053829596190792535,0.024204798497594646,0.03873006240162419,0.06634639729063238,0.27508473541586925,0.27508473541586925,0.12585167434311073,0.0507980864062661,0.07199783423314697,0.1320119671636856,0.1320119671636856,0.07839510992545806,0.0018942746555505692,0.0009031561929404039,0.0009031561929404039,0.1841956762486457,0.6032818347479069,0.6029291875804196,0.603196140877252,0.6035087543997716,0.6033297045234544,0.6031469539007825,0.6031648076968381,0.6036958092139014,0.3410172911654442,0.034340477695486885,0.02908356222554857,0.03493752690389665,0.051961788908694066,0.051961788908694066,0.07322653536789249,0.07322653536789249,0.13701343762082122,0.13701343762082122,0.06161417450182851,0.06161417450182851,0.07066367148214446,0.07066367148214446,0.09107837396759387,0.4257833281419093,0.05273167618556017,0.42540138666493066,0.04524035289578895,0.051788911837600766,0.037884899060017664,0.03989274876020538,0.6026947079670761,0.6131924682985103,0.2700903533595782,0.26995482337333554,0.6032231323961267,0.6037492137978175,0.6028597640170643,0.6027003713607121,0.6027627586860483,0.6025776061574326,0.6027280100168231,0.6034271153485324,0.6033731072035542,0.30160167113299896,0.08809331659701357,0.08550489324556401,0.12990347404411184,0.11812784295573098,0.12515486526627634,0.12515486526627634,0.09602302448148528,0.6026394258899129,0.2531927472277484,0.2531927472277484,0.1022815264941936,0.1022815264941936,0.06968435906902233,0.23176771227083534,0.08562088275663719,0.08188869146353138,0.4072305497535841,0.02025335170712585,0.16807328936960936,0.4480514980797428,0.16341175387813714,0.2115930766383244,0.6026856223232888,0.6026856223232888,0.602677023631171,0.6028522844203498,0.602790257930202,0.6029394354876588,0.15540805470905136,0.6023720904801462,0.04744588992171623,0.602366752221099,0.2302738642040073,0.08053092019304878,0.08053092019304878,0.602596511184443,0.08641679454227916,0.057052098502351024,0.024691222548684,0.04882979732385258,0.0397430634779232,0.0357735236328311,0.1645999979067254,0.08783645162985168,0.023969480654300216,0.054048383903702,0.03192347354033919,0.1087553643795851,0.1087553643795851,0.11124628814824086,0.06014427005642886,0.603393068645538,0.10438721415164197,0.07626298469383729,0.19864518473213671,0.29852750707428066,3.0,0.2902935741978691,0.07856396217917284,0.0625169550762453,0.0961133856841498,0.09288214192717936,0.06907141367124098,0.12750159699079416,0.08895294944868594,0.15900171632134874,0.06916766245328566,0.06052989403369573,0.3869735035495235,0.8660818503187577,0.3956925160172312
23,0.2890766056414471,0.3961399760814901,0.6423264941041165,0.1506845463494399,1.328531018977387,0.0,0.1568086000144114,1.0595297301062878,0.10263669889751256,2.6536399654929075,0.10518231022027537,0.08473728927419008,0.5224378331510358,0.1671558870319441,0.08695689310153391,0.08695689310153391,0.07509663780972704,0.16490493697138692,0.3429402926402122,1.420583773198488,0.059211867007017416,0.059211867007017416,0.052369968913288184,0.0022639975703507803,0.0022639975703507803,0.09648271449797644,0.2669045271617592,0.07866922884091777,0.2014872724626149,0.14757205681426702,0.19452962876996008,0.1881067230333052,0.09431354074351893,0.04328987431504341,0.16614350028061958,0.10484711966960714,0.26076139655104397,0.26076139655104397,0.1199303316771696,0.09187957168586436,0.10430386607816296,0.2557860817962289,0.2557860817962289,0.4432876736794329,0.00619211951144934,0.00090839389510851,0.00090839389510851,0.3810309672517915,2.6526872732775826,2.65531784591786,2.6524849711594505,1.2062320350917866,2.2105820620586765,2.6525834563903694,2.6529207485698167,1.1061295629444752,0.28842416456009057,0.06005277690887146,0.05931311517677253,0.06630048805021124,0.04751073726710238,0.04751073726710238,0.1223563042201655,0.1223563042201655,0.5344761554748065,0.5344761554748065,0.21410411430200396,0.21410411430200396,0.11628300168416293,0.11628300168416293,0.35172325721967873,0.0,0.08473735840411765,0.0,0.12717483090874884,0.07338443704233169,0.06786207127340374,0.0721846163789634,2.6546248259083343,2.791151613697884,0.0,0.0,2.6511241084205546,2.6503275426467408,1.6595643543875365,2.6593329121282743,2.6541064884703425,0.8302111972211303,2.654508749479012,2.6505608776225142,1.6567967981574017,0.2552544695510925,0.0952033476363364,0.33102675415725624,0.3984650902327069,0.308179951347931,0.3677127563092181,0.3677127563092181,0.2863575559407712,2.6545198964285484,0.8943441840177943,0.8943441840177943,0.19561488080139644,0.19561488080139644,0.3583720767635616,1.294525326128148,0.11408471809843974,0.1449166249073124,0.0,0.07031722604833877,0.4632172412070407,0.7776505025834272,0.13832945893937948,0.3186731306733493,2.6542432606898023,2.6542432606898023,1.3275922852719135,0.8854905770085155,2.6541474671888348,2.654761639192006,0.515915457110895,2.65596707554054,0.14796232390281025,2.6572905582446813,0.3719710227295416,0.042631796550494136,0.042631796550494136,2.654688899881492,0.137418497572133,0.17916951331646727,0.04218772168896081,0.13889477562225988,0.2168616887937372,0.09636654551595776,0.5552791275087605,0.1548170688530369,0.06931149608643243,0.2424375010624076,0.1632116577137044,0.19212494339142533,0.19212494339142533,0.1757573297511175,0.2249761877869044,2.6508287810536024,0.16814280016452055,0.3169017666081028,0.21124586059451425,0.3143974117786914,0.2902935741978691,3.0,0.3738106349352136,0.3027309272097617,0.39309245165742895,0.5336820211599471,0.4414587580725132,0.6043579738869318,0.3831053019911629,0.7496194783084326,0.2959457240381928,0.2867559922390009,0.0,2.0481622122650207,0.0
24,4.255043699735195,5.039644847733767,2.1434792183079314,2.177223673402758,4.377137324637825,2.420950593422918,2.066309088975106,2.1650712737145925,1.5822904868656136,1.8144857003035617,1.4649886601160922,1.2013195561792778,2.010120082618868,2.338913942504938,1.3079161575706115,1.3079161575706115,1.391795870902903,2.125363947108589,3.0478127482629214,3.3330686949773267,0.9326264104653622,0.9326264104653622,0.8210380897446512,0.02352962281661412,0.02352962281661412,1.4980023264936784,1.8917675643234464,1.1645836868656363,2.2071869920260414,1.8964382196978364,2.1881205621428843,2.9850669701670385,1.601834847302004,0.6884965358724211,2.088247983757598,1.5907553678340562,2.0270923213568137,2.0270923213568137,1.5199868640725525,1.5611773317383524,1.5974269052804826,3.069224885103972,3.069224885103972,0.2263166072643093,0.0051651099905717715,0.0052118036243108635,0.0052118036243108635,4.0297780560256,1.814083825108372,1.8162205737107884,1.8138047956670056,1.813792303286916,1.8138919137807479,1.8135073855873904,1.8139402430897542,1.8162053570479049,1.8204321011008642,1.0246067579928924,1.061294032016072,1.1149989480211786,0.6781178158365955,0.6781178158365955,1.926258389105936,1.926258389105936,6.163796481504539,6.163796481504539,5.085655824988413,5.085655824988413,1.7576507888490351,1.7576507888490351,2.830602732638752,2.665300472981884,1.4020005086519274,2.640567192054026,2.093723848923139,1.1442239027970402,1.1382774107957891,1.2334393516153386,1.8153515330404024,1.9392503138945625,2.9580336330527826,2.9515341870178973,1.8122511233090377,1.8115067529565392,1.8170309581905824,1.8202548208347915,1.814864760068141,1.8168560070291628,1.8152757588805684,1.8124689936842584,1.8116226839146692,1.8144049503016133,1.3579350992682573,2.801733074483753,3.607226242434884,3.29968917699781,3.5608638637554835,3.5608638637554835,3.213900618737167,1.81632908852801,3.3840366663706094,3.3840366663706094,2.3861103844149207,2.3861103844149207,4.134430567450631,4.5245616931594,1.6030169985676077,2.069233056965079,4.905967281523746,0.9326569556901416,3.590140957567105,3.2254683329971345,1.6219965422110634,2.8629495825681244,1.8153444260236795,1.8153444260236795,1.815427729439876,1.8164891083204115,1.814887647412146,1.8157590618370056,4.728755607338119,1.8164945432368669,3.101852338188986,1.8176267738600205,2.665403442222265,0.5625078276785989,0.5625078276785989,1.8153742024134587,2.019780489518941,2.56046517143985,0.5775767783254067,2.9181079962726986,2.587951987628065,1.9210282505081504,3.5046720423842976,2.3395812149616133,1.5084076479004291,0.1294929899250852,4.4502136728464565,2.6156066420717607,2.6156066420717607,2.4849844821676146,2.569510979108468,1.8119782193421319,2.326869015011888,0.1704465752374029,2.0462826546643815,2.2192547959197304,0.9043016777857984,4.3645592634985855,5.565485093664418,5.055377448172849,5.129873379438059,5.098778235097612,5.065145640841979,5.290401537058653,5.000450900229769,5.3348242296295325,5.10293085400278,5.237021548419679,5.295075970379288,1.2524183723423703,2.520010556518872
25,0.0,0.0,0.0,0.0,0.0,0.0,0.0,0.0,0.0,0.0,0.0,0.0,0.0,0.0,0.0,0.0,0.0,0.0,0.0,0.0,0.0,0.0,0.0,0.0,0.0,0.0,0.0,0.0,0.0,0.0,0.0,0.0,0.0,0.0,0.0,0.0,0.0,0.0,0.0,0.0,0.0,0.0,0.0,0.0,0.0,0.0,0.0,0.0,0.0,0.0,0.0,0.0,0.0,0.0,0.0,0.0,0.0,0.0,0.0,0.0,0.0,0.0,0.0,0.0,0.0,0.0,0.0,0.0,0.0,0.0,0.0,0.0,0.0,0.0,0.0,0.0,0.0,0.0,0.0,0.0,0.0,0.0,0.0,0.0,0.0,0.0,0.0,0.0,0.0,0.0,0.0,0.0,0.0,0.0,0.0,0.0,0.0,0.0,0.0,0.0,0.0,0.0,0.0,0.0,0.0,0.0,0.0,0.0,0.0,0.0,0.0,0.0,0.0,0.0,0.0,0.0,0.0,0.0,0.0,0.0,0.0,0.0,0.0,0.0,0.0,0.0,0.0,0.0,0.0,0.0,0.0,0.0,0.0,0.0,0.0,0.0,0.0,0.0,0.0,0.0,0.0,0.0,0.0,0.0,0.0,0.0,0.0,0.0,0.0,0.0,0.0,0.0,0.0,0.0,0.0,0.0,0.0,0.0,0.0,0.0,1.0,0.0,0.0
26,0.13134697236253362,0.09416414384913606,0.7237937397389401,0.13706572888801605,0.5799946899028338,0.0,0.1966447295338806,1.1796022781762283,0.09439536472839616,0.0,0.14432892704513633,0.1191050774908527,0.7156413207587252,0.15230556444797186,0.09186715326994267,0.09186715326994267,0.04054276485749776,0.04613501863943453,0.3433044279258229,0.7571416516897412,0.038907340462917564,0.038907340462917564,0.06731902245995079,0.002508598594656328,0.002508598594656328,0.08773128028447569,0.4182900966292224,0.1076652056196687,0.2890752994598673,0.2051689964894815,0.2776143862555552,0.13026982785955832,0.07404231966592807,0.031123231950701994,0.0486200277697098,0.08313607580967282,0.3638505879660892,0.3638505879660892,0.14831812182456494,0.0694055724482439,0.09848065973498052,0.21955035101842607,0.21955035101842607,0.732107845560085,0.006169852269491491,0.0009051367260946312,0.0009051367260946312,0.2943081947470977,0.0,0.0,0.0,1.823180104066248,0.0,0.0,0.0,1.6700055240552616,0.4350626077353811,0.04385214346122315,0.037450294236177024,0.04503731646985608,0.1036570680904648,0.1036570680904648,0.10767840452134733,0.10767840452134733,0.2044753954564408,0.2044753954564408,0.08296214541642903,0.08296214541642903,0.08861613991419377,0.08861613991419377,0.1112235185294984,0.0,0.0664339508091231,0.0,0.055781584751337036,0.06514347939105783,0.04884501090579765,0.05096057578392691,0.0,0.0,1.7163943047999155,2.1445798364945814,0.0,0.0,2.5022684123681955,0.0,0.0,1.2518472451694018,0.0,0.0,2.5013881364447452,0.3849051946437313,0.12235395506907015,0.1044386382443497,0.1597445788525141,0.14606673276856105,0.15439649313750814,0.15439649313750814,0.11812369527658205,0.0,0.3089081003813013,0.3089081003813013,0.16656751253330165,0.16656751253330165,0.0941668837444644,0.29420527782602823,0.14990150260307455,0.13020106381096574,2.122294473983867,0.02796759021953169,0.20743098610022845,0.6973156083971099,0.2086491486499324,0.28261760093623634,0.0,0.0,2.001375721366811,1.3360089660138443,0.0,0.0,0.1959782088457311,0.0,0.061485731411593865,0.0,0.29045336304661096,0.0896873963448872,0.0896873963448872,0.0,0.12569709140653132,0.07122103284551971,0.029357297485911264,0.06308777963252933,0.05105403373013377,0.05527958127356212,0.20056713079182328,0.137070886049524,0.031784909931798166,0.2645491750605544,0.043258080348959616,0.17532793134955693,0.17532793134955693,0.15933376986802886,0.07339846779946084,0.0,0.13157827040907086,0.9128606617087984,0.3188315157970815,0.4380633213343623,0.8660818503187577,2.0481622122650207,0.10430150206319798,0.08296612557839192,0.1345239700427247,0.12779685369564994,0.0935213634410571,0.1832361630036783,0.1258612645722663,0.22981135481007345,0.09091791730922837,0.07948185782610256,0.0,3.0,0.0
27,0.19524205567037373,0.16059002484153045,0.7261162040972711,0.2172400684416682,0.8616054504153672,0.0,0.23215374162659305,1.190574641820886,0.13182574703272062,0.0,0.13958322555795566,0.11523796857824585,0.6524854908858995,0.22139912203713585,0.09814157620362847,0.09814157620362847,0.054980483673752405,0.07034455308834221,0.9719631433070232,1.295734544830219,0.12957026152037732,0.12957026152037732,0.07658144700903384,0.002328336534188338,0.002328336534188338,0.13228780382832458,0.3522633608397945,0.11987852844472087,0.38326748967203855,0.2153838823195412,0.3653513103798974,0.2631700593650902,0.09701694855442396,0.03843929249277382,0.07531848369029104,0.09784655100750178,0.3289117093709886,0.3289117093709886,0.1364195792108222,0.09207691546436099,0.1165020192750643,0.5443963118880554,0.5443963118880554,0.4630070855226466,0.0061854946539769,0.000907439124077534,0.000907439124077534,0.6248002690885095,0.0,0.0,0.0,1.5283986062134916,2.7986316811497303,0.0,0.0,1.4010781128730525,0.36510530538599417,0.05410543130480355,0.04920506294616312,0.057637274286402175,0.08696303283065167,0.08696303283065167,0.15132623927950073,0.15132623927950073,0.5180589105511095,0.5180589105511095,0.14237982679783726,0.14237982679783726,0.10608500005953947,0.10608500005953947,0.16421588645670948,0.0,0.08027843026939413,0.0,0.0784600050309907,0.07290518792066072,0.06117879794513501,0.06378447222761258,0.0,0.0,2.534675072470014,2.533268732715483,0.0,0.0,2.1006140939411484,0.0,0.0,1.0514368971696202,0.0,0.0,2.0963024309042955,0.3231548292739844,0.12238421369213495,0.1542866652267061,0.2283735152214237,0.2024708797697517,0.219458479750574,0.219458479750574,0.16770050539147244,0.0,0.44880767015462464,0.44880767015462464,0.502071241928094,0.502071241928094,0.17341640448783915,0.4736428057562909,0.198891297790374,0.26718617574929937,0.0,0.05021730617025788,0.2907819063444928,1.2037524641843456,0.17521457238367158,0.3449990490668295,0.0,0.0,1.6803270077471304,1.1217503731858047,0.0,0.0,0.290818143052307,0.0,0.094338251778498,0.0,0.3518265637234483,0.05852665406248634,0.05852665406248634,0.0,0.1816482392071175,0.10364708378197596,0.035076483811036056,0.09445210487293364,0.08444504733842101,0.13576710403918305,0.28915374145678496,0.2484271116071517,0.049119085926089684,0.24838869076467354,0.07860610818635938,0.37367762425652057,0.37367762425652057,0.22549424415178776,0.1077752019108728,0.0,0.15918098221410276,0.3324959878421765,0.32654971361220186,0.4338843671249145,0.3956925160172312,0.0,0.18541874607894576,0.1473808528772844,0.2657338633979342,0.2521457517924535,0.1791501300756026,0.41251556462988814,0.2579658559180036,0.5316050527322168,0.15172041363707106,0.13637432537947247,0.0,0.0,3.0
